country,gdp_pc_2023
Afghanistan,413.76
Albania,9740.70
Algeria,5370.48
Azerbaijan,7133.03
Bahamas,38231.77
Bahrain,29290.13
Bangladesh,2551.02
Benin,1394.18
Brazil,10377.59
Brunei Darussalam,32890.55
Bulgaria,15854.02
Cambodia,2429.75
Cameroon,1720.48
China,12951.18
Colombia,7012.49
Croatia,22183.50
Cyprus,36623.71
Ecuador,6718.14
Egypt,3456.79
El Salvador,5319.72
Ethiopia,1055.81
Georgia,8283.67
Ghana,2383.90
Guyana,20473.70
Haiti,1681.84
Honduras,3227.46
Hong Kong,50525.11
India,2434.45
Indonesia,4876.30
Iran,5049.30
Iraq,5965.32
Jamaica,7542.40
Jordan,4906.24
Kazakhstan,12879.43
Kuwait,34091.97
Lebanon,3477.72
Libya,6026.52
Madagascar,514.06
Malaysia,11386.04
Maldives,12587.61
Malta,40932.52
Morocco,3813.73
Mozambique,622.19
Myanmar,1233.20
Nepal,1382.38
Nigeria,2138.76
Oman,21027.74
Pakistan,1360.32
Peru,7919.05
Philippines,3804.08
Qatar,80195.87
Romania,18244.42
Rwanda,1061.06
Saudi Arabia,36156.86
Serbia,12281.71
Singapore,86382.59
Slovakia,24614.87
Somalia,596.89
South Africa,6034.27
Sri Lanka,3815.42
Sudan,797.28
Tajikistan,1178.48
Tanzania,1224.00
Thailand,7210.54
Tunisia,3951.12
Turkey,13375.09
Turkmenistan,5298.46
Tuvalu,5143.84
Uganda,1002.31
Ukraine,5139.60
United Arab Emirates,49850.69
Uruguay,23378.64
Uzbekistan,3015.98
Venezuela,3617.47
Zimbabwe,2195.23
Australia,65058.38
Austria,56579.50
Belgium,55244.68
Canada,54847.54
Denmark,68043.55
Estonia,30264.01
Finland,52864.69
France,44700.14
Germany,54776.77
Greece,23343.71
Hungary,22208.65
Iceland,82201.29
Ireland,106818.92
Italy,39279.70
Japan,35215.00
Latvia,22710.26
Lithuania,27983.37
Liechtenstein,206780.59
Luxembourg,133230.62
Monaco,256799.91
Netherlands,63515.60
New Zealand,49302.34
Norway,90984.41
Poland,22145.27
Portugal,27634.62
San Marino,59871.33
Slovenia,32660.48
Spain,33493.22
Sweden,54950.28
Switzerland,104449.75
United Kingdom,49919.69
United States,82586.78
